date,energy
2018-01-01,6.504
2018-01-02,17.527
2018-01-03,11.227
2018-01-04,49.748
2018-01-05,2.956
2018-01-06,32.72
2018-01-07,30.612000000000002
2018-01-08,24.459999999999997
2018-01-09,45.80200000000001
2018-01-10,47.038000000000004
2018-01-11,60.38
2018-01-12,55.01
2018-01-13,28.524
2018-01-14,13.798
2018-01-15,4.099
2018-01-16,70.312
2018-01-17,44.852000000000004
2018-01-18,51.591
2018-01-19,34.903999999999996
2018-01-20,30.095
2018-01-21,31.311999999999998
2018-01-22,32.883
2018-01-23,92.306
2018-01-24,127.912
2018-01-25,47.482
2018-01-26,67.479
2018-01-27,44.806
2018-01-28,42.615
2018-01-29,45.184999999999995
2018-01-30,32.351
2018-01-31,45.487
2018-02-01,104.703
2018-02-02,128.53
2018-02-03,56.292
2018-02-04,24.391
2018-02-05,49.065
2018-02-06,54.661
2018-02-07,89.72800000000001
2018-02-08,113.269
2018-02-09,85.261
2018-02-10,30.805
2018-02-11,64.555
2018-02-12,115.167
2018-02-13,92.738
2018-02-14,46.618
2018-02-15,100.229
2018-02-16,87.573
2018-02-17,86.85
2018-02-18,88.649
2018-02-19,57.752
2018-02-20,79.457
2018-02-21,82.2
2018-02-22,130.412
2018-02-23,119.732
2018-02-24,107.96300000000001
2018-02-25,139.53900000000002
2018-02-26,59.702
2018-02-27,54.354
2018-02-28,96.746
2018-03-01,80.57300000000001
2018-03-02,59.693
2018-03-03,118.77
2018-03-04,106.203
2018-03-05,37.125
2018-03-06,84.595
2018-03-07,75.41499999999999
2018-03-08,101.001
2018-03-09,58.271
2018-03-10,76.535
2018-03-11,47.348
2018-03-12,44.817
2018-03-13,84.037
2018-03-14,73.084
2018-03-15,114.37400000000001
2018-03-16,90.393
2018-03-17,72.96000000000001
2018-03-18,89.713
2018-03-19,105.595
2018-03-20,57.291
2018-03-21,92.561
2018-03-22,114.123
2018-03-23,159.635
2018-03-24,96.665
2018-03-25,113.27000000000001
2018-03-26,76.658
2018-03-27,35.686
2018-03-28,87.76
2018-03-29,53.177
2018-03-30,87.954
2018-03-31,80.16499999999999
2018-04-01,41.9
2018-04-02,34.906
2018-04-03,75.678
2018-04-04,114.364
2018-04-05,184.743
2018-04-06,142.745
2018-04-07,139.987
2018-04-08,63.330999999999996
2018-04-09,83.379
2018-04-10,137.389
2018-04-11,86.831
2018-04-12,161.519
2018-04-13,108.024
2018-04-14,211.762
2018-04-15,94.424
2018-04-16,93.339
2018-04-17,100.696
2018-04-18,118.075
2018-04-19,94.8
2018-04-20,123.81400000000001
2018-04-21,106.345
2018-04-22,73.921
2018-04-23,56.513
2018-04-24,84.89099999999999
2018-04-25,82.58200000000001
2018-04-26,110.691
2018-04-27,200.48499999999999
2018-04-28,145.247
2018-04-29,90.07300000000001
2018-04-30,102.739
2018-05-01,127.434
2018-05-02,100.454
2018-05-03,112.05
2018-05-04,184.589
2018-05-05,117.311
2018-05-06,134.29
2018-05-07,145.261
2018-05-08,72.889
2018-05-09,101.827
2018-05-10,85.825
2018-05-11,167.084
2018-05-12,154.791
2018-05-13,170.949
2018-05-14,86.11
2018-05-15,125.498
2018-05-16,179.488
2018-05-17,157.408
2018-05-18,112.831
2018-05-19,140.824
2018-05-20,74.895
2018-05-21,137.935
2018-05-22,128.765
2018-05-23,148.6
2018-05-24,228.358
2018-05-25,137.22
2018-05-26,192.133
2018-05-27,188.716
2018-05-28,66.914
2018-05-29,180.733
2018-05-30,155.45
2018-05-31,143.799
2018-06-01,128.578
2018-06-02,142.15800000000002
2018-06-03,139.953
2018-06-04,122.274
2018-06-05,143.179
2018-06-06,155.30100000000002
2018-06-07,111.409
2018-06-08,190.50400000000002
2018-06-09,147.389
2018-06-10,92.608
2018-06-11,150.136
2018-06-12,121.868
2018-06-13,187.46699999999998
2018-06-14,123.863
2018-06-15,116.346
2018-06-16,116.113
2018-06-17,54.924
2018-06-18,92.528
2018-06-19,187.779
2018-06-20,132.894
2018-06-21,99.181
2018-06-22,123.327
2018-06-23,151.419
2018-06-24,108.247
2018-06-25,163.558
2018-06-26,125.429
2018-06-27,131.867
2018-06-28,135.278
2018-06-29,138.265
2018-06-30,141.82
2018-07-01,112.167
2018-07-02,117.721
2018-07-03,35.357
2018-07-04,97.321
2018-07-05,88.30799999999999
2018-07-06,101.999
2018-07-07,82.697
2018-07-08,106.994
2018-07-09,100.655
2018-07-10,220.406
2018-07-11,121.209
2018-07-12,75.531
2018-07-13,74.565
2018-07-14,102.115
2018-07-15,96.305
2018-07-16,151.99699999999999
2018-07-17,123.80799999999999
2018-07-18,86.012
2018-07-19,158.893
2018-07-20,78.031
2018-07-21,182.7
2018-07-22,117.447
2018-07-23,120.525
2018-07-24,141.64000000000001
2018-07-25,169.395
2018-07-26,98.658
2018-07-27,131.949
2018-07-28,140.422
2018-07-29,108.193
2018-07-30,143.285
2018-07-31,172.11599999999999
2018-08-01,118.379
2018-08-02,168.165
2018-08-03,196.87199999999999
2018-08-04,83.46600000000001
2018-08-05,69.67699999999999
2018-08-06,125.541
2018-08-07,146.095
2018-08-08,113.035
2018-08-09,145.962
2018-08-10,146.657
2018-08-11,127.24000000000001
2018-08-12,195.376
2018-08-13,113.723
2018-08-14,89.403
2018-08-15,195.131
2018-08-16,169.67
2018-08-17,189.589
2018-08-18,95.974
2018-08-19,57.146
2018-08-20,178.54399999999998
2018-08-21,180.123
2018-08-22,215.102
2018-08-23,220.954
2018-08-24,209.496
2018-08-25,149.436
2018-08-26,82.723
2018-08-27,147.446
2018-08-28,155.187
2018-08-29,146.43
2018-08-30,102.392
2018-08-31,160.541
2018-09-01,71.117
2018-09-02,96.751
2018-09-03,121.691
2018-09-04,196.063
2018-09-05,88.227
2018-09-06,106.78399999999999
2018-09-07,198.333
2018-09-08,133.447
2018-09-09,156.028
2018-09-10,171.024
2018-09-11,114.604
2018-09-12,154.918
2018-09-13,151.725
2018-09-14,152.079
2018-09-15,127.469
2018-09-16,118.532
2018-09-17,77.527
2018-09-18,113.713
2018-09-19,106.434
2018-09-20,165.499
2018-09-21,148.672
2018-09-22,94.547
2018-09-23,132.138
2018-09-24,223.984
2018-09-25,112.809
2018-09-26,215.36
2018-09-27,194.512
2018-09-28,219.748
2018-09-29,127.026
2018-09-30,110.033
2018-10-01,152.538
2018-10-02,119.253
2018-10-03,235.891
2018-10-04,171.041
2018-10-05,177.346
2018-10-06,192.513
2018-10-07,138.701
2018-10-08,130.17
2018-10-09,224.238
2018-10-10,189.421
2018-10-11,285.12
2018-10-12,297.353
2018-10-13,153.755
2018-10-14,36.772999999999996
2018-10-15,178.578
2018-10-16,295.121
2018-10-17,155.579
2018-10-18,163.573
2018-10-19,236.63400000000001
2018-10-20,121.713
2018-10-21,132.49699999999999
2018-10-22,141.0
2018-10-23,86.791
2018-10-24,256.271
2018-10-25,218.644
2018-10-26,181.268
2018-10-27,171.958
2018-10-28,118.751
2018-10-29,163.324
2018-10-30,212.047
2018-10-31,352.152
2018-11-01,282.841
2018-11-02,174.14
2018-11-03,190.41
2018-11-04,105.874
2018-11-05,202.288
2018-11-06,157.601
2018-11-07,240.909
2018-11-08,202.702
2018-11-09,260.837
2018-11-10,167.016
2018-11-11,164.873
2018-11-12,128.237
2018-11-13,216.788
2018-11-14,341.852
2018-11-15,167.017
2018-11-16,242.25400000000002
2018-11-17,116.151
2018-11-18,107.14
2018-11-19,308.222
2018-11-20,114.511
2018-11-21,128.561
2018-11-22,64.099
2018-11-23,94.894
2018-11-24,106.879
2018-11-25,60.826
2018-11-26,254.624
2018-11-27,141.978
2018-11-28,176.578
2018-11-29,232.494
2018-11-30,255.898
2018-12-01,182.948
2018-12-02,219.952
2018-12-03,237.244
2018-12-04,205.435
2018-12-05,212.221
2018-12-06,216.847
2018-12-07,376.283
2018-12-08,229.158
2018-12-09,256.704
2018-12-10,231.152
2018-12-11,267.634
2018-12-12,255.523
2018-12-13,321.472
2018-12-14,263.087
2018-12-15,156.788
2018-12-16,131.178
2018-12-17,238.754
2018-12-18,332.84499999999997
2018-12-19,456.607
2018-12-20,309.483
2018-12-21,368.906
2018-12-22,128.252
2018-12-23,268.075
2018-12-24,138.952
2018-12-25,57.608999999999995
2018-12-26,122.241
2018-12-27,212.53799999999998
2018-12-28,211.486
2018-12-29,118.31
2018-12-30,105.921
2018-12-31,148.549
2019-01-01,92.614
2019-01-02,146.599
2019-01-03,211.377
2019-01-04,182.556
2019-01-05,143.206
2019-01-06,176.258
2019-01-07,250.483
2019-01-08,180.691
2019-01-09,325.213
2019-01-10,232.112
2019-01-11,213.007
2019-01-12,135.764
2019-01-13,176.142
2019-01-14,277.524
2019-01-15,280.076
2019-01-16,302.215
2019-01-17,246.566
2019-01-18,225.57399999999998
2019-01-19,187.455
2019-01-20,150.899
2019-01-21,119.411
2019-01-22,181.854
2019-01-23,268.233
2019-01-24,236.798
2019-01-25,404.82
2019-01-26,260.809
2019-01-27,147.98
2019-01-28,261.714
2019-01-29,326.282
2019-01-30,358.096
2019-01-31,393.175
2019-02-01,330.697
2019-02-02,260.01
2019-02-03,130.66
2019-02-04,237.225
2019-02-05,283.394
2019-02-06,161.32999999999998
2019-02-07,343.206
2019-02-08,321.551
2019-02-09,217.838
2019-02-10,236.35
2019-02-11,254.25
2019-02-12,287.476
2019-02-13,279.502
2019-02-14,303.575
2019-02-15,409.217
2019-02-16,172.069
2019-02-17,115.907
2019-02-18,199.97299999999998
2019-02-19,329.215
2019-02-20,314.516
2019-02-21,280.068
2019-02-22,221.498
2019-02-23,169.814
2019-02-24,138.721
2019-02-25,228.457
2019-02-26,246.715
2019-02-27,259.526
2019-02-28,256.302
2019-03-01,236.736
2019-03-02,156.66
2019-03-03,183.383
2019-03-04,282.962
2019-03-05,317.335
2019-03-06,174.355
2019-03-07,229.403
2019-03-08,218.226
2019-03-09,193.455
2019-03-10,156.203
2019-03-11,169.588
2019-03-12,153.834
2019-03-13,27.122999999999998
2019-03-14,120.718
2019-03-15,211.001
2019-03-16,271.964
2019-03-17,177.725
2019-03-18,332.139
2019-03-19,314.623
2019-03-20,376.424
2019-03-21,249.68
2019-03-22,327.036
2019-03-23,111.358
2019-03-24,219.794
2019-03-25,248.003
2019-03-26,237.245
2019-03-27,157.736
2019-03-28,93.15
2019-03-29,164.888
2019-03-30,138.206
2019-03-31,115.083
2019-04-01,279.879
2019-04-02,325.042
2019-04-03,246.004
2019-04-04,175.721
2019-04-05,253.085
2019-04-06,164.919
2019-04-07,165.357
2019-04-08,259.836
2019-04-09,227.892
2019-04-10,137.726
2019-04-11,141.965
2019-04-12,261.928
2019-04-13,234.315
2019-04-14,302.685
2019-04-15,224.216
2019-04-16,267.127
2019-04-17,228.716
2019-04-18,261.623
2019-04-19,246.548
2019-04-20,180.518
2019-04-21,83.33
2019-04-22,183.77800000000002
2019-04-23,240.532
2019-04-24,147.222
2019-04-25,205.627
2019-04-26,271.731
2019-04-27,294.773
2019-04-28,146.473
2019-04-29,215.096
2019-04-30,230.12
2019-05-01,204.66299999999998
2019-05-02,196.208
2019-05-03,189.43200000000002
2019-05-04,239.048
2019-05-05,199.175
2019-05-06,275.163
2019-05-07,180.82
2019-05-08,279.049
2019-05-09,200.789
2019-05-10,297.702
2019-05-11,158.761
2019-05-12,189.74
2019-05-13,247.168
2019-05-14,373.896
2019-05-15,342.974
2019-05-16,301.071
2019-05-17,271.043
2019-05-18,201.829
2019-05-19,188.273
2019-05-20,302.417
2019-05-21,310.545
2019-05-22,237.653
2019-05-23,369.513
2019-05-24,276.424
2019-05-25,247.072
2019-05-26,225.873
2019-05-27,151.669
2019-05-28,183.143
2019-05-29,188.52700000000002
2019-05-30,207.651
2019-05-31,187.644
2019-06-01,244.263
2019-06-02,173.59199999999998
2019-06-03,201.269
2019-06-04,191.161
2019-06-05,154.921
2019-06-06,266.975
2019-06-07,196.174
2019-06-08,267.075
2019-06-09,146.10399999999998
2019-06-10,238.779
2019-06-11,281.586
2019-06-12,228.701
2019-06-13,169.793
2019-06-14,197.5
2019-06-15,273.838
2019-06-16,143.401
2019-06-17,325.899
2019-06-18,167.47899999999998
2019-06-19,373.877
2019-06-20,255.192
2019-06-21,223.199
2019-06-22,111.352
2019-06-23,175.98
2019-06-24,201.067
2019-06-25,235.645
2019-06-26,277.12
2019-06-27,192.064
2019-06-28,279.543
2019-06-29,194.784
2019-06-30,110.441
2019-07-01,249.72299999999998
2019-07-02,195.21
2019-07-03,160.15
2019-07-04,108.531
2019-07-05,120.357
2019-07-06,254.768
2019-07-07,142.539
2019-07-08,258.626
2019-07-09,298.481
2019-07-10,293.072
2019-07-11,259.68399999999997
2019-07-12,261.76800000000003
2019-07-13,249.388
2019-07-14,273.06600000000003
2019-07-15,247.538
2019-07-16,214.804
2019-07-17,363.21
2019-07-18,286.0
2019-07-19,410.838
2019-07-20,182.694
2019-07-21,201.949
2019-07-22,260.776
2019-07-23,284.839
2019-07-24,268.742
2019-07-25,236.431
2019-07-26,220.625
2019-07-27,263.755
2019-07-28,219.622
2019-07-29,231.416
2019-07-30,358.714
2019-07-31,252.65
2019-08-01,279.595
2019-08-02,196.905
2019-08-03,234.178
2019-08-04,185.266
2019-08-05,230.37
2019-08-06,143.189
2019-08-07,319.369
2019-08-08,278.15
2019-08-09,284.376
2019-08-10,172.23
2019-08-11,208.787
2019-08-12,243.849
2019-08-13,259.345
2019-08-14,205.608
2019-08-15,382.201
2019-08-16,319.828
2019-08-17,219.06900000000002
2019-08-18,219.42
2019-08-19,160.045
2019-08-20,305.564
2019-08-21,373.331
2019-08-22,354.539
2019-08-23,220.446
2019-08-24,213.993
2019-08-25,239.927
2019-08-26,385.327
2019-08-27,342.836
2019-08-28,261.913
2019-08-29,198.658
2019-08-30,310.39799999999997
2019-08-31,329.907
2019-09-01,127.964
2019-09-02,197.41899999999998
2019-09-03,274.107
2019-09-04,317.567
2019-09-05,258.09499999999997
2019-09-06,340.079
2019-09-07,250.583
2019-09-08,177.126
2019-09-09,261.072
2019-09-10,232.24800000000002
2019-09-11,286.651
2019-09-12,238.041
2019-09-13,334.041
2019-09-14,287.439
2019-09-15,235.177
2019-09-16,328.35
2019-09-17,248.204
2019-09-18,294.743
2019-09-19,269.277
2019-09-20,323.681
2019-09-21,245.319
2019-09-22,200.543
2019-09-23,263.577
2019-09-24,202.838
2019-09-25,262.993
2019-09-26,251.481
2019-09-27,282.167
2019-09-28,124.22
2019-09-29,168.693
2019-09-30,212.774
2019-10-01,279.452
2019-10-02,318.797
2019-10-03,293.606
2019-10-04,339.769
2019-10-05,179.97
2019-10-06,181.464
2019-10-07,315.565
2019-10-08,162.498
2019-10-09,272.385
2019-10-10,145.965
2019-10-11,387.229
2019-10-12,382.694
2019-10-13,278.79
2019-10-14,289.846
2019-10-15,233.129
2019-10-16,239.12900000000002
2019-10-17,190.166
2019-10-18,317.972
2019-10-19,263.995
2019-10-20,152.63
2019-10-21,324.595
2019-10-22,284.784
2019-10-23,359.682
2019-10-24,276.969
2019-10-25,264.058
2019-10-26,253.938
2019-10-27,146.237
2019-10-28,205.305
2019-10-29,96.83099999999999
2019-10-30,233.928
2019-10-31,295.137
2019-11-01,507.373
2019-11-02,195.862
2019-11-03,185.626
2019-11-04,407.59499999999997
2019-11-05,322.148
2019-11-06,409.447
2019-11-07,323.17199999999997
2019-11-08,381.354
2019-11-09,249.062
2019-11-10,251.912
2019-11-11,116.48400000000001
2019-11-12,332.355
2019-11-13,189.252
2019-11-14,280.073
2019-11-15,309.79200000000003
2019-11-16,127.559
2019-11-17,119.822
2019-11-18,305.476
2019-11-19,315.546
2019-11-20,263.415
2019-11-21,278.403
2019-11-22,423.631
2019-11-23,315.26800000000003
2019-11-24,196.155
2019-11-25,232.897
2019-11-26,16.875
2019-11-27,185.12199999999999
2019-11-28,22.235999999999997
2019-11-29,204.732
2019-11-30,79.53
2019-12-01,229.573
2019-12-02,219.025
2019-12-03,243.56
2019-12-04,333.03700000000003
2019-12-05,234.39600000000002
2019-12-06,352.043
2019-12-07,292.255
2019-12-08,140.558
2019-12-09,285.978
2019-12-10,303.654
2019-12-11,375.509
2019-12-12,308.80400000000003
2019-12-13,424.761
2019-12-14,235.953
2019-12-15,297.257
2019-12-16,248.587
2019-12-17,398.243
2019-12-18,313.274
2019-12-19,308.671
2019-12-20,178.34799999999998
2019-12-21,226.274
2019-12-22,242.436
2019-12-23,157.564
2019-12-24,82.009
2019-12-25,50.946
2019-12-26,190.628
2019-12-27,153.816
2019-12-28,87.876
2019-12-29,187.327
2019-12-30,197.654
2019-12-31,141.203
2020-01-01,119.504
2020-01-02,299.367
2020-01-03,293.79
2020-01-04,188.999
2020-01-05,139.024
2020-01-06,264.382
2020-01-07,234.582
2020-01-08,202.871
2020-01-09,396.029
2020-01-10,309.207
2020-01-11,327.353
2020-01-12,161.964
2020-01-13,260.84
2020-01-14,379.27
2020-01-15,146.276
2020-01-16,325.462
2020-01-17,232.419
2020-01-18,202.53
2020-01-19,187.35399999999998
2020-01-20,173.287
2020-01-21,257.289
2020-01-22,332.577
2020-01-23,376.637
2020-01-24,230.86599999999999
2020-01-25,210.855
2020-01-26,288.993
2020-01-27,332.117
2020-01-28,353.5
2020-01-29,224.998
2020-01-30,311.629
2020-01-31,211.414
2020-02-01,243.6
2020-02-02,94.342
2020-02-03,159.309
2020-02-04,212.417
2020-02-05,248.966
2020-02-06,286.116
2020-02-07,199.154
2020-02-08,89.67399999999999
2020-02-09,81.156
2020-02-10,232.952
2020-02-11,298.501
2020-02-12,238.69400000000002
2020-02-13,235.962
2020-02-14,256.449
2020-02-15,207.516
2020-02-16,143.19
2020-02-17,153.401
2020-02-18,206.977
2020-02-19,402.746
2020-02-20,186.305
2020-02-21,185.524
2020-02-22,135.804
2020-02-23,135.216
2020-02-24,204.174
2020-02-25,282.037
2020-02-26,208.375
2020-02-27,215.595
2020-02-28,152.73
2020-02-29,139.36
2020-03-01,109.798
2020-03-02,186.142
2020-03-03,223.94
2020-03-04,166.688
2020-03-05,217.043
2020-03-06,206.026
2020-03-07,179.008
2020-03-08,140.64
2020-03-09,247.636
2020-03-10,201.155
2020-03-11,156.399
2020-03-12,171.755
2020-03-13,108.87
2020-03-14,68.47800000000001
2020-03-15,105.942
2020-03-16,48.885000000000005
2020-03-17,30.096
2020-03-18,38.175
2020-03-19,28.955
2020-03-20,19.735
2020-03-21,10.515
2020-03-22,38.023
2020-03-23,40.682
2020-03-24,56.817
2020-03-25,23.544
2020-03-26,35.837
2020-03-27,65.98
2020-03-28,12.173
2020-03-29,3.43
2020-03-30,35.845
2020-03-31,40.429
2020-04-01,41.132
2020-04-02,0.0
2020-04-03,21.881
2020-04-04,16.273
2020-04-05,44.454
2020-04-06,32.18
2020-04-07,9.145
2020-04-08,65.13
2020-04-09,57.702000000000005
2020-04-10,32.519000000000005
2020-04-11,30.689
2020-04-12,0.749
2020-04-13,8.7035
2020-04-14,16.658
2020-04-15,22.497
2020-04-16,34.791000000000004
2020-04-17,6.288
2020-04-18,30.55
2020-04-19,33.967
2020-04-20,56.644999999999996
2020-04-21,31.704
2020-04-22,69.59299999999999
2020-04-23,14.417
2020-04-24,68.845
2020-04-25,44.753
2020-04-26,79.848
2020-04-27,20.500999999999998
2020-04-28,26.841
2020-04-29,47.34
2020-04-30,58.633
2020-05-01,36.371
2020-05-02,19.898
2020-05-03,40.546
2020-05-04,30.871000000000002
2020-05-05,71.735
2020-05-06,14.844999999999999
2020-05-07,25.476
2020-05-08,54.861
2020-05-09,125.4
2020-05-10,19.948999999999998
2020-05-11,35.199
2020-05-12,69.33
2020-05-13,32.743
2020-05-14,18.636
2020-05-15,43.454
2020-05-16,73.197
2020-05-17,55.864000000000004
2020-05-18,89.893
2020-05-19,122.524
2020-05-20,42.62
2020-05-21,75.375
2020-05-22,110.276
2020-05-23,30.379
2020-05-24,7.8020000000000005
2020-05-25,85.926
2020-05-26,59.980000000000004
2020-05-27,64.254
2020-05-28,46.103
2020-05-29,67.556
2020-05-30,89.687
2020-05-31,64.548
2020-06-01,51.391999999999996
2020-06-02,60.223
2020-06-03,76.582
2020-06-04,40.727000000000004
2020-06-05,73.57
2020-06-06,22.189999999999998
2020-06-07,61.158
2020-06-08,30.091
2020-06-09,30.134
2020-06-10,168.065
2020-06-11,64.076
2020-06-12,105.914
2020-06-13,97.211
2020-06-14,50.954
2020-06-15,23.808999999999997
2020-06-16,78.389
2020-06-17,66.952
2020-06-18,157.826
2020-06-19,18.086
2020-06-20,133.286
2020-06-21,98.606
2020-06-22,73.383
2020-06-23,43.953
2020-06-24,36.318
2020-06-25,118.773
2020-06-26,89.611
2020-06-27,55.34
2020-06-28,120.194
2020-06-29,82.86099999999999
2020-06-30,128.424
2020-07-01,97.837
2020-07-02,173.898
2020-07-03,100.092
2020-07-04,46.683
2020-07-05,131.322
2020-07-06,87.062
2020-07-07,123.713
2020-07-08,17.647
2020-07-09,89.457
2020-07-10,97.798
2020-07-11,186.005
2020-07-12,55.704
2020-07-13,46.273
2020-07-14,104.196
2020-07-15,54.221000000000004
2020-07-16,68.158
2020-07-17,142.508
2020-07-18,99.729
2020-07-19,76.062
2020-07-20,72.391
2020-07-21,110.709
2020-07-22,52.941
2020-07-23,140.689
2020-07-24,164.578
2020-07-25,51.29
2020-07-26,78.359
2020-07-27,94.65599999999999
2020-07-28,104.83500000000001
2020-07-29,166.792
2020-07-30,96.526
2020-07-31,78.678
2020-08-01,71.626
2020-08-02,70.181
2020-08-03,69.191
2020-08-04,122.327
2020-08-05,52.539
2020-08-06,141.329
2020-08-07,128.341
2020-08-08,123.583
2020-08-09,147.912
2020-08-10,85.284
2020-08-11,72.419
2020-08-12,83.459
2020-08-13,106.449
2020-08-14,132.60399999999998
2020-08-15,117.25
2020-08-16,81.577
2020-08-17,99.246
2020-08-18,92.99300000000001
2020-08-19,127.098
2020-08-20,185.465
2020-08-21,89.663
2020-08-22,140.299
2020-08-23,167.793
2020-08-24,80.12899999999999
2020-08-25,42.636
2020-08-26,111.061
2020-08-27,79.238
2020-08-28,97.614
2020-08-29,180.841
2020-08-30,89.68
2020-08-31,219.181
2020-09-01,96.507
2020-09-02,145.374
2020-09-03,107.602
2020-09-04,153.687
2020-09-05,97.42699999999999
2020-09-06,77.257
2020-09-07,149.68200000000002
2020-09-08,59.875
2020-09-09,76.114
2020-09-10,120.739
2020-09-11,163.573
2020-09-12,194.841
2020-09-13,104.989
2020-09-14,92.301
2020-09-15,59.900999999999996
2020-09-16,221.317
2020-09-17,117.804
2020-09-18,137.493
2020-09-19,156.552
2020-09-20,114.776
2020-09-21,53.166
2020-09-22,84.89699999999999
2020-09-23,84.548
2020-09-24,145.171
2020-09-25,237.874
2020-09-26,55.124
2020-09-27,188.296
2020-09-28,130.442
2020-09-29,86.368
2020-09-30,89.87700000000001
2020-10-01,153.873
2020-10-02,109.565
2020-10-03,185.445
2020-10-04,219.44
2020-10-05,96.834
2020-10-06,85.542
2020-10-07,47.553
2020-10-08,154.285
2020-10-09,173.351
2020-10-10,136.736
2020-10-11,93.939
2020-10-12,66.349
2020-10-13,131.74099999999999
2020-10-14,156.734
2020-10-15,31.759999999999998
2020-10-16,88.794
2020-10-17,192.823
2020-10-18,87.03099999999999
2020-10-19,90.964
2020-10-20,100.85900000000001
2020-10-21,125.686
2020-10-22,92.14
2020-10-23,141.44
2020-10-24,191.777
2020-10-25,54.093
2020-10-26,41.442
2020-10-27,101.704
2020-10-28,133.464
2020-10-29,111.386
2020-10-30,215.369
2020-10-31,107.74600000000001
2020-11-01,100.485
2020-11-02,169.638
2020-11-03,176.52
2020-11-04,82.5
2020-11-05,71.92
2020-11-06,187.68200000000002
2020-11-07,170.854
2020-11-08,120.756
2020-11-09,55.777
2020-11-10,127.737
2020-11-11,99.45
2020-11-12,45.101
2020-11-13,106.976
2020-11-14,209.16400000000002
2020-11-15,114.329
2020-11-16,64.892
2020-11-17,66.933
2020-11-18,63.022
2020-11-19,100.065
2020-11-20,81.507
2020-11-21,136.108
2020-11-22,222.151
2020-11-23,84.366
2020-11-24,68.056
2020-11-25,109.32000000000001
2020-11-26,29.847
2020-11-27,74.694
2020-11-28,74.909
2020-11-29,106.846
2020-11-30,71.359
2020-12-01,55.081
2020-12-02,79.67099999999999
2020-12-03,154.37400000000002
2020-12-04,80.003
2020-12-05,145.342
2020-12-06,141.726
2020-12-07,10.581999999999999
2020-12-08,92.078
2020-12-09,71.931
2020-12-10,246.273
2020-12-11,22.651
2020-12-12,69.30499999999999
2020-12-13,97.844
2020-12-14,112.90599999999999
2020-12-15,66.439
2020-12-16,92.968
2020-12-17,78.833
2020-12-18,94.744
2020-12-19,164.348
2020-12-20,102.443
2020-12-21,79.861
2020-12-22,109.46000000000001
2020-12-23,100.319
2020-12-24,85.036
2020-12-25,37.509
2020-12-26,56.836
2020-12-27,142.721
2020-12-28,50.637
2020-12-29,86.809
2020-12-30,66.364
2020-12-31,56.266
2021-01-01,59.897999999999996
2021-01-02,112.78399999999999
2021-01-03,90.05
2021-01-04,80.063
2021-01-05,109.50099999999999
2021-01-06,148.853
2021-01-07,118.649
2021-01-08,188.087
2021-01-09,58.128
2021-01-10,115.373
2021-01-11,84.449
2021-01-12,111.789
2021-01-13,87.464
2021-01-14,96.05300000000001
2021-01-15,74.288
2021-01-16,118.331
2021-01-17,82.992
2021-01-18,58.614000000000004
2021-01-19,82.196
2021-01-20,85.597
2021-01-21,95.269
2021-01-22,109.806
2021-01-23,123.42699999999999
2021-01-24,98.118
2021-01-25,55.449000000000005
2021-01-26,65.25
2021-01-27,148.102
2021-01-28,168.836
2021-01-29,148.054
2021-01-30,107.188
2021-01-31,107.664
2021-02-01,81.274
2021-02-02,138.007
2021-02-03,163.822
2021-02-04,39.444
2021-02-05,139.998
2021-02-06,97.172
2021-02-07,43.739999999999995
2021-02-08,68.579
2021-02-09,72.28099999999999
2021-02-10,123.162
2021-02-11,120.298
2021-02-12,79.28399999999999
2021-02-13,141.063
2021-02-14,120.455
2021-02-15,120.335
2021-02-16,98.72800000000001
2021-02-17,147.13600000000002
2021-02-18,91.60600000000001
2021-02-19,112.73
2021-02-20,161.052
2021-02-21,170.79500000000002
2021-02-22,80.839
2021-02-23,184.105
2021-02-24,134.542
2021-02-25,107.761
2021-02-26,163.943
2021-02-27,167.708
2021-02-28,125.064
2021-03-01,127.987
2021-03-02,187.0
2021-03-03,211.019
2021-03-04,67.343
2021-03-05,96.81700000000001
2021-03-06,173.672
2021-03-07,133.374
2021-03-08,101.44
2021-03-09,119.901
2021-03-10,224.379
2021-03-11,138.874
2021-03-12,46.784
2021-03-13,25.689
2021-03-14,20.485500000000002
2021-03-15,15.282
2021-03-16,125.33
2021-03-17,90.689
2021-03-18,188.13600000000002
2021-03-19,166.575
2021-03-20,204.36700000000002
2021-03-21,98.492
2021-03-22,38.932
2021-03-23,171.756
2021-03-24,64.562
2021-03-25,158.78
2021-03-26,68.83
2021-03-27,253.115
2021-03-28,231.142
2021-03-29,220.173
2021-03-30,91.698
2021-03-31,200.249
2021-04-01,231.031
2021-04-02,179.7
2021-04-03,186.794
2021-04-04,215.912
2021-04-05,218.00900000000001
2021-04-06,158.676
2021-04-07,346.169
2021-04-08,173.45600000000002
2021-04-09,155.227
2021-04-10,264.246
2021-04-11,229.554
2021-04-12,30.621
2021-04-13,133.893
2021-04-14,79.854
2021-04-15,107.956
2021-04-16,131.239
2021-04-17,180.947
2021-04-18,196.811
2021-04-19,91.009
2021-04-20,137.189
2021-04-21,161.516
2021-04-22,174.071
2021-04-23,209.614
2021-04-24,233.369
2021-04-25,220.503
2021-04-26,62.951
2021-04-27,82.449
2021-04-28,150.991
2021-04-29,155.919
2021-04-30,180.101
2021-05-01,190.613
2021-05-02,94.489
2021-05-03,71.78399999999999
2021-05-04,235.09
2021-05-05,185.149
2021-05-06,257.826
2021-05-07,222.666
2021-05-08,247.835
2021-05-09,219.326
2021-05-10,35.127
2021-05-11,166.352
2021-05-12,184.302
2021-05-13,157.62800000000001
2021-05-14,305.138
2021-05-15,240.024
2021-05-16,170.798
2021-05-17,76.63
2021-05-18,166.069
2021-05-19,255.594
2021-05-20,259.759
2021-05-21,338.808
2021-05-22,204.43
2021-05-23,198.333
2021-05-24,238.338
2021-05-25,258.944
2021-05-26,271.787
2021-05-27,380.084
2021-05-28,278.13599999999997
2021-05-29,223.01600000000002
2021-05-30,86.635
2021-05-31,179.701
2021-06-01,169.678
2021-06-02,222.034
2021-06-03,239.749
2021-06-04,259.348
2021-06-05,188.256
2021-06-06,210.52599999999998
2021-06-07,194.648
2021-06-08,224.028
2021-06-09,208.045
2021-06-10,277.454
2021-06-11,353.702
2021-06-12,431.021
2021-06-13,207.95
2021-06-14,245.987
2021-06-15,393.68
2021-06-16,298.09499999999997
2021-06-17,235.446
2021-06-18,354.49399999999997
2021-06-19,344.925
2021-06-20,297.744
2021-06-21,252.548
2021-06-22,292.94100000000003
2021-06-23,283.368
2021-06-24,301.497
2021-06-25,350.382
2021-06-26,236.663
2021-06-27,301.488
2021-06-28,192.11
2021-06-29,312.503
2021-06-30,297.302
2021-07-01,214.862
2021-07-02,322.389
2021-07-03,409.854
2021-07-04,204.594
2021-07-05,267.119
2021-07-06,303.364
2021-07-07,397.55400000000003
2021-07-08,310.609
2021-07-09,365.328
2021-07-10,338.425
2021-07-11,327.378
2021-07-12,217.103
2021-07-13,247.253
2021-07-14,344.003
2021-07-15,379.534
2021-07-16,438.651
2021-07-17,471.49
2021-07-18,531.647
2021-07-19,374.514
2021-07-20,438.954
2021-07-21,388.58299999999997
2021-07-22,351.303
2021-07-23,390.2
2021-07-24,505.747
2021-07-25,382.573
2021-07-26,321.565
2021-07-27,339.871
2021-07-28,246.455
2021-07-29,319.429
2021-07-30,324.43
2021-07-31,273.307
2021-08-01,311.504
2021-08-02,240.326
2021-08-03,319.486
2021-08-04,277.903
2021-08-05,253.176
2021-08-06,503.891
2021-08-07,355.188
2021-08-08,221.304
2021-08-09,244.227
2021-08-10,258.804
2021-08-11,267.051
2021-08-12,447.48199999999997
2021-08-13,235.118
2021-08-14,348.88599999999997
2021-08-15,304.754
2021-08-16,251.025
2021-08-17,268.918
2021-08-18,336.415
2021-08-19,367.305
2021-08-20,409.95
2021-08-21,428.898
2021-08-22,294.787
2021-08-23,316.065
2021-08-24,375.42900000000003
2021-08-25,413.23
2021-08-26,251.477
2021-08-27,335.67
2021-08-28,420.272
2021-08-29,385.706
2021-08-30,188.924
2021-08-31,320.813
2021-09-01,330.733
2021-09-02,395.002
2021-09-03,316.672
2021-09-04,377.412
2021-09-05,237.561
2021-09-06,282.982
2021-09-07,283.207
2021-09-08,326.775
2021-09-09,300.285
2021-09-10,448.537
2021-09-11,335.086
2021-09-12,326.323
2021-09-13,278.136
2021-09-14,390.46
2021-09-15,324.189
2021-09-16,286.787
2021-09-17,360.95300000000003
2021-09-18,442.585
2021-09-19,254.512
2021-09-20,422.83799999999997
2021-09-21,404.765
2021-09-22,302.043
2021-09-23,248.843
2021-09-24,375.601
2021-09-25,292.176
2021-09-26,309.905
2021-09-27,230.642
2021-09-28,232.957
2021-09-29,291.564
2021-09-30,266.856
2021-10-01,355.003
2021-10-02,357.363
2021-10-03,269.647
2021-10-04,233.09300000000002
2021-10-05,304.323
2021-10-06,356.259
2021-10-07,321.947
2021-10-08,314.791
2021-10-09,279.443
2021-10-10,274.134
2021-10-11,318.048
2021-10-12,307.487
2021-10-13,250.329
2021-10-14,378.534
2021-10-15,432.35699999999997
2021-10-16,489.26800000000003
2021-10-17,326.35
2021-10-18,428.8
2021-10-19,279.522
2021-10-20,358.348
2021-10-21,402.89099999999996
2021-10-22,339.51
2021-10-23,304.295
2021-10-24,183.087
2021-10-25,300.484
2021-10-26,319.617
2021-10-27,274.74
2021-10-28,342.396
2021-10-29,318.337
2021-10-30,271.849
2021-10-31,173.265
2021-11-01,219.597
2021-11-02,313.976
2021-11-03,271.808
2021-11-04,378.38
2021-11-05,387.905
2021-11-06,281.193
2021-11-07,377.669
2021-11-08,215.072
2021-11-09,272.466
2021-11-10,325.606
2021-11-11,269.743
2021-11-12,386.032
2021-11-13,317.476
2021-11-14,290.477
2021-11-15,293.644
2021-11-16,325.959
2021-11-17,309.385
2021-11-18,443.207
2021-11-19,356.836
2021-11-20,363.234
2021-11-21,369.595
2021-11-22,319.09499999999997
2021-11-23,320.551
2021-11-24,229.207
2021-11-25,123.851
2021-11-26,271.067
2021-11-27,203.999
2021-11-28,275.529
2021-11-29,280.653
2021-11-30,209.82
2021-12-01,280.09000000000003
2021-12-02,380.878
2021-12-03,333.849
2021-12-04,475.337
2021-12-05,201.193
2021-12-06,269.223
2021-12-07,290.688
2021-12-08,234.449
2021-12-09,304.018
2021-12-10,378.434
2021-12-11,374.923
2021-12-12,394.813
2021-12-13,282.788
2021-12-14,366.102
2021-12-15,218.56199999999998
2021-12-16,490.64099999999996
2021-12-17,336.814
2021-12-18,368.48199999999997
2021-12-19,258.88
2021-12-20,308.397
2021-12-21,358.638
2021-12-22,357.747
2021-12-23,225.727
2021-12-24,94.747
2021-12-25,223.79399999999998
2021-12-26,170.814
2021-12-27,252.579
2021-12-28,236.852
2021-12-29,320.943
2021-12-30,242.844
2021-12-31,179.949
2022-01-01,121.937
2022-01-02,261.85
2022-01-03,220.058
2022-01-04,198.097
2022-01-05,410.371
2022-01-06,147.473
2022-01-07,308.027
2022-01-08,366.58299999999997
2022-01-09,294.54200000000003
2022-01-10,296.2
2022-01-11,355.725
2022-01-12,474.208
2022-01-13,411.584
2022-01-14,314.157
2022-01-15,406.935
2022-01-16,402.636
2022-01-17,225.374
2022-01-18,399.609
2022-01-19,269.739
2022-01-20,388.146
2022-01-21,465.01
2022-01-22,449.44100000000003
2022-01-23,286.078
2022-01-24,291.94
2022-01-25,293.496
2022-01-26,279.279
2022-01-27,502.125
2022-01-28,341.498
2022-01-29,462.029
2022-01-30,472.962
2022-01-31,313.83299999999997
2022-02-01,327.139
2022-02-02,119.86800000000001
2022-02-03,440.05899999999997
2022-02-04,393.906
2022-02-05,400.275
2022-02-06,327.919
2022-02-07,300.213
2022-02-08,383.744
2022-02-09,271.565
2022-02-10,324.463
2022-02-11,433.44
2022-02-12,475.364
2022-02-13,240.079
2022-02-14,272.339
2022-02-15,447.66
2022-02-16,282.978
2022-02-17,347.329
2022-02-18,291.209
2022-02-19,323.573
2022-02-20,311.289
2022-02-21,165.303
2022-02-22,227.514
2022-02-23,175.381
2022-02-24,381.094
2022-02-25,369.646
2022-02-26,393.677
2022-02-27,453.5
2022-02-28,342.738
2022-03-01,474.106
2022-03-02,239.3
2022-03-03,489.86199999999997
2022-03-04,411.736
2022-03-05,312.078
2022-03-06,217.26100000000002
2022-03-07,466.398
2022-03-08,382.957
2022-03-09,320.901
2022-03-10,515.126
2022-03-11,522.005
2022-03-12,558.889
2022-03-13,356.57800000000003
2022-03-14,406.747
2022-03-15,307.588
2022-03-16,297.647
2022-03-17,269.192
2022-03-18,568.365
2022-03-19,580.385
2022-03-20,380.468
2022-03-21,288.8
2022-03-22,308.543
2022-03-23,339.702
2022-03-24,489.646
2022-03-25,316.093
2022-03-26,547.7860000000001
2022-03-27,301.374
2022-03-28,307.404
2022-03-29,393.585
2022-03-30,355.923
2022-03-31,412.812
2022-04-01,399.783
2022-04-02,538.779
2022-04-03,255.975
2022-04-04,452.154
2022-04-05,259.661
2022-04-06,392.299
2022-04-07,459.462
2022-04-08,442.515
2022-04-09,580.967
2022-04-10,338.102
2022-04-11,539.256
2022-04-12,367.894
2022-04-13,474.185
2022-04-14,392.618
2022-04-15,516.54
2022-04-16,397.37
2022-04-17,350.797
2022-04-18,581.5070000000001
2022-04-19,441.423
2022-04-20,344.20799999999997
2022-04-21,527.991
2022-04-22,345.124
2022-04-23,383.798
2022-04-24,298.255
2022-04-25,429.35
2022-04-26,512.557
2022-04-27,456.418
2022-04-28,395.344
2022-04-29,405.681
2022-04-30,489.883
2022-05-01,416.09
2022-05-02,358.131
2022-05-03,480.343
2022-05-04,343.574
2022-05-05,401.928
2022-05-06,609.761
2022-05-07,406.093
2022-05-08,480.798
2022-05-09,470.538
2022-05-10,430.276
2022-05-11,410.615
2022-05-12,394.005
2022-05-13,710.5600000000001
2022-05-14,395.798
2022-05-15,368.067
2022-05-16,342.545
2022-05-17,428.987
2022-05-18,439.20799999999997
2022-05-19,397.731
2022-05-20,223.37
2022-05-21,385.79699999999997
2022-05-22,543.824
2022-05-23,375.007
2022-05-24,443.23199999999997
2022-05-25,531.143
2022-05-26,493.436
2022-05-27,452.52
2022-05-28,542.028
2022-05-29,542.446
2022-05-30,461.703
2022-05-31,470.688
2022-06-01,493.015
2022-06-02,575.226
2022-06-03,376.743
2022-06-04,572.12
2022-06-05,503.33
2022-06-06,364.652
2022-06-07,436.897
2022-06-08,529.428
2022-06-09,474.952
2022-06-10,543.3580000000001
2022-06-11,436.565
2022-06-12,540.869
2022-06-13,544.958
2022-06-14,693.889
2022-06-15,729.001
2022-06-16,565.6030000000001
2022-06-17,416.924
2022-06-18,675.901
2022-06-19,481.249
2022-06-20,344.732
2022-06-21,440.16700000000003
2022-06-22,626.465
2022-06-23,418.143
2022-06-24,359.17
2022-06-25,661.297
2022-06-26,403.38
2022-06-27,461.46
2022-06-28,585.31
2022-06-29,588.682
2022-06-30,512.07
2022-07-01,520.901
2022-07-02,505.83
2022-07-03,474.458
2022-07-04,319.338
2022-07-05,352.365
2022-07-06,462.851
2022-07-07,515.178
2022-07-08,497.60699999999997
2022-07-09,539.381
2022-07-10,459.962
2022-07-11,455.361
2022-07-12,584.821
2022-07-13,486.132
2022-07-14,539.694
2022-07-15,471.516
2022-07-16,666.188
2022-07-17,593.497
2022-07-18,316.733
2022-07-19,379.317
2022-07-20,568.434
2022-07-21,514.073
2022-07-22,637.251
2022-07-23,620.022
2022-07-24,451.606
2022-07-25,629.554
2022-07-26,461.747
2022-07-27,502.929
2022-07-28,418.319
2022-07-29,389.422
2022-07-30,654.377
2022-07-31,504.582
2022-08-01,594.351
2022-08-02,549.749
2022-08-03,632.3629999999999
2022-08-04,421.425
2022-08-05,532.876
2022-08-06,622.127
2022-08-07,448.122
2022-08-08,434.58799999999997
2022-08-09,609.532
2022-08-10,699.5
2022-08-11,665.114
2022-08-12,655.364
2022-08-13,694.386
2022-08-14,629.76
2022-08-15,563.143
2022-08-16,518.498
2022-08-17,677.126
2022-08-18,569.319
2022-08-19,632.056
2022-08-20,647.875
2022-08-21,480.75
2022-08-22,483.519
2022-08-23,671.512
2022-08-24,503.387
2022-08-25,568.38
2022-08-26,671.412
2022-08-27,603.593
2022-08-28,529.463
2022-08-29,606.583
2022-08-30,481.476
2022-08-31,559.693
2022-09-01,518.305
2022-09-02,650.993
2022-09-03,613.069
2022-09-04,584.598
2022-09-05,451.135
2022-09-06,339.176
2022-09-07,575.575
2022-09-08,580.333
2022-09-09,494.90299999999996
2022-09-10,664.422
2022-09-11,537.623
2022-09-12,441.012
2022-09-13,626.632
2022-09-14,519.229
2022-09-15,590.898
2022-09-16,534.817
2022-09-17,704.122
2022-09-18,530.835
2022-09-19,440.797
2022-09-20,485.26800000000003
2022-09-21,429.222
2022-09-22,542.054
2022-09-23,596.452
2022-09-24,705.872
2022-09-25,549.792
2022-09-26,465.415
2022-09-27,603.025
2022-09-28,438.638
2022-09-29,432.0
2022-09-30,568.364
2022-10-01,472.361
2022-10-02,492.109
2022-10-03,618.529
2022-10-04,568.413
2022-10-05,637.623
2022-10-06,570.624
2022-10-07,682.47
2022-10-08,585.308
2022-10-09,563.189
2022-10-10,644.054
2022-10-11,550.485
2022-10-12,695.17
2022-10-13,626.512
2022-10-14,674.832
2022-10-15,722.516
2022-10-16,469.944
2022-10-17,584.796
2022-10-18,589.358
2022-10-19,500.221
2022-10-20,440.332
2022-10-21,545.372
2022-10-22,540.999
2022-10-23,392.671
2022-10-24,750.568
2022-10-25,615.229
2022-10-26,576.902
2022-10-27,686.693
2022-10-28,576.359
2022-10-29,562.619
2022-10-30,536.001
2022-10-31,572.933
2022-11-01,441.394
2022-11-02,393.496
2022-11-03,455.34299999999996
2022-11-04,594.575
2022-11-05,706.0
2022-11-06,458.644
2022-11-07,519.767
2022-11-08,584.143
2022-11-09,464.088
2022-11-10,483.24399999999997
2022-11-11,561.603
2022-11-12,570.185
2022-11-13,593.283
2022-11-14,546.347
2022-11-15,497.014
2022-11-16,702.564
2022-11-17,452.819
2022-11-18,371.419
2022-11-19,484.553
2022-11-20,474.278
2022-11-21,441.404
2022-11-22,453.514
2022-11-23,375.69
2022-11-24,359.502
2022-11-25,309.687
2022-11-26,556.76
2022-11-27,517.187
2022-11-28,497.329
2022-11-29,386.44
2022-11-30,639.369
2022-12-01,695.6419999999999
2022-12-02,520.693
2022-12-03,721.569
2022-12-04,397.48
2022-12-05,414.364
2022-12-06,606.401
2022-12-07,573.463
2022-12-08,548.4350000000001
2022-12-09,599.756
2022-12-10,483.65500000000003
2022-12-11,531.6560000000001
2022-12-12,387.628
2022-12-13,546.376
2022-12-14,690.582
2022-12-15,669.19
2022-12-16,453.543
2022-12-17,539.308
2022-12-18,432.69100000000003
2022-12-19,289.34
2022-12-20,570.8380000000001
2022-12-21,592.057
2022-12-22,375.71500000000003
2022-12-23,353.789
2022-12-24,321.285
2022-12-25,200.86599999999999
2022-12-26,344.918
2022-12-27,365.01800000000003
2022-12-28,339.83299999999997
2022-12-29,399.673
2022-12-30,557.438
2022-12-31,328.483
2023-01-01,398.459
2023-01-02,340.527
2023-01-03,564.097
2023-01-04,597.998
2023-01-05,742.898
2023-01-06,1218.733
2023-01-07,1324.622
2023-01-08,1366.556
2023-01-09,1313.454
2023-01-10,1099.716
2023-01-11,1494.1970000000001
2023-01-12,570.232
2023-01-13,569.9110000000001
2023-01-14,516.948
2023-01-15,516.38
2023-01-16,439.363
2023-01-17,711.727
2023-01-18,148.69899999999998
2023-01-19,501.36
2023-01-20,606.797
2023-01-21,393.18
2023-01-22,299.11
2023-01-23,630.014
2023-01-24,435.433
2023-01-25,704.226
2023-01-26,376.435
2023-01-27,680.882
2023-01-28,417.543
2023-01-29,298.02
2023-01-30,355.312
2023-01-31,530.197
2023-02-01,638.994
2023-02-02,656.099
2023-02-03,541.797
2023-02-04,468.666
2023-02-05,513.321
2023-02-06,1244.011
2023-02-07,1422.486
2023-02-08,1547.561
2023-02-09,1636.307
2023-02-10,1072.456
2023-02-11,1447.998
2023-02-12,397.242
2023-02-13,559.736
2023-02-14,429.178
2023-02-15,516.11
2023-02-16,661.0840000000001
2023-02-17,866.39
2023-02-18,483.069
2023-02-19,450.736
2023-02-20,482.77299999999997
2023-02-21,623.349
2023-02-22,374.406
2023-02-23,722.1659999999999
2023-02-24,766.223
2023-02-25,602.323
2023-02-26,469.329
2023-02-27,594.015
2023-02-28,686.596
2023-03-01,657.587
2023-03-02,578.185
2023-03-03,599.134
2023-03-04,819.658
2023-03-05,408.37600000000003
2023-03-06,1101.071
2023-03-07,1186.865
2023-03-08,1875.18
2023-03-09,1421.23
2023-03-10,1299.52
2023-03-11,1274.528
2023-03-12,568.24
2023-03-13,601.608
2023-03-14,562.563
2023-03-15,787.46
2023-03-16,595.05
2023-03-17,694.533
2023-03-18,628.888
2023-03-19,471.172
2023-03-20,708.884
2023-03-21,544.8820000000001
2023-03-22,618.128
2023-03-23,681.578
2023-03-24,558.021
2023-03-25,390.269
2023-03-26,425.884
2023-03-27,241.572
2023-03-28,467.394
2023-03-29,581.186
2023-03-30,348.621
2023-03-31,464.25
2023-04-01,582.655
2023-04-02,445.594
2023-04-03,538.244
2023-04-04,695.619
2023-04-05,899.835
2023-04-06,953.168
2023-04-07,1150.436
2023-04-08,1401.795
2023-04-09,1099.062
2023-04-10,1449.734
2023-04-11,1478.765
2023-04-12,708.293
2023-04-13,714.113
2023-04-14,555.523
2023-04-15,699.362
2023-04-16,645.995
2023-04-17,664.283
2023-04-18,664.581
2023-04-19,552.06
2023-04-20,568.131
2023-04-21,626.851
2023-04-22,463.022
2023-04-23,751.114
2023-04-24,779.172
2023-04-25,540.779
2023-04-26,733.025
2023-04-27,597.351
2023-04-28,909.993
2023-04-29,635.22
2023-04-30,498.307
2023-05-01,593.804
2023-05-02,758.193
2023-05-03,795.5070000000001
2023-05-04,623.05
2023-05-05,718.467
2023-05-06,720.149
2023-05-07,648.717
2023-05-08,752.877
2023-05-09,742.923
2023-05-10,1370.174
2023-05-11,1339.601
2023-05-12,600.713
2023-05-13,537.595
2023-05-14,593.354
2023-05-15,642.394
2023-05-16,742.835
2023-05-17,688.224
2023-05-18,876.668
2023-05-19,616.7429999999999
2023-05-20,466.266
2023-05-21,645.265
2023-05-22,532.3
2023-05-23,672.098
2023-05-24,553.251
2023-05-25,608.449
2023-05-26,784.271
2023-05-27,580.921
2023-05-28,694.652
2023-05-29,461.497
2023-05-30,643.318
2023-05-31,736.693
2023-06-01,667.9145
2023-06-02,599.136
2023-06-03,563.61
2023-06-04,337.451
2023-06-05,1355.012
2023-06-06,668.136
2023-06-07,1345.364
2023-06-08,1378.046
2023-06-09,1620.612
2023-06-10,1511.644
2023-06-11,1199.516
2023-06-12,417.231
2023-06-13,682.124
2023-06-14,787.966
2023-06-15,749.367
2023-06-16,558.392
2023-06-17,797.829
2023-06-18,575.537
2023-06-19,550.455
2023-06-20,706.904
2023-06-21,906.971
2023-06-22,742.873
2023-06-23,642.552
2023-06-24,622.981
2023-06-25,626.836
2023-06-26,681.356
2023-06-27,895.032
2023-06-28,730.864
2023-06-29,729.454
2023-06-30,603.642
2023-07-01,794.975
2023-07-02,705.966
2023-07-03,529.54
2023-07-04,354.511
2023-07-05,1147.644
2023-07-06,1345.364
2023-07-07,749.416
2023-07-08,1199.592
2023-07-09,1441.532
2023-07-10,1492.659
2023-07-11,1549.43
2023-07-12,855.394
2023-07-13,983.735
2023-07-14,816.606
2023-07-15,604.562
2023-07-16,907.433
2023-07-17,672.791
2023-07-18,852.506
2023-07-19,765.246
2023-07-20,700.444
2023-07-21,588.153
2023-07-22,646.679
2023-07-23,750.922
2023-07-24,891.1560000000001
2023-07-25,789.215
2023-07-26,959.003
2023-07-27,654.681
2023-07-28,763.1850000000001
2023-07-29,808.881
2023-07-30,754.65
2023-07-31,646.197
